{
    "accuracy": 0.6514285714285715,
    "loss": 1.0494175792804785
}